stem,event,has_s1,has_s2,has_label,has_jrc,s1_bands,s1_height,s1_width,s1_dtype,s1_crs,s1_vv_min,s1_vv_max,s1_vv_mean,s1_vh_min,s1_vh_max,s1_vh_mean,s1_nan_count,label_height,label_width,label_dtype,label_invalid_px,label_non_water_px,label_water_px,total_valid_px,flood_water_ratio,s2_bands,s2_height,s2_width,s2_dtype,s2_min,s2_max,s2_mean,jrc_permanent_water_px,jrc_dry_px,is_valid,issues
Nigeria_143329,Nigeria,True,True,True,True,2,512,512,float32,EPSG:4326,-25.250598907470703,-1.182840347290039,-10.052656173706055,-36.88106155395508,-8.180024147033691,-16.169158935546875,0,512,512,int16,12644,246723,2777,249500,0.011130260521042084,13,512,512,int16,6.0,5883.0,1704.40190916795,0,262144,True,None
Paraguay_721886,Paraguay,True,True,True,True,2,512,512,float32,EPSG:4326,-30.128280639648438,-0.34619641304016113,-10.296806335449219,-52.54009246826172,-6.164196491241455,-16.626888275146484,1436,512,512,int16,0,251210,10934,262144,0.04170989990234375,13,512,512,int16,42.0,4816.0,1406.9525052584136,0,262144,True,None
Ghana_895194,Ghana,True,True,True,True,2,512,512,float32,EPSG:4326,-30.22317886352539,1.5611845254898071,-8.65170955657959,-47.43441390991211,-6.866971492767334,-14.751070022583008,0,512,512,int16,9438,244009,8697,252706,0.03441548677118866,13,512,512,int16,6.0,5268.0,1672.8409588153545,0,262144,True,None
Pakistan_909806,Pakistan,True,True,True,True,2,512,512,float32,EPSG:4326,-28.609193801879883,7.278606414794922,-7.640549182891846,-41.72344970703125,-5.757524490356445,-14.377265930175781,0,512,512,int16,145857,114873,1414,116287,0.012159570717277081,13,512,512,int16,30.0,5770.0,2090.0767998328574,0,262144,True,None
Mekong_221789,Mekong,True,True,True,True,2,512,512,float32,EPSG:4326,-20.834142684936523,0.8818097710609436,-8.02130126953125,-30.570409774780273,-4.781608581542969,-14.329574584960938,0,512,512,int16,46817,215327,0,215327,0.0,13,512,512,int16,5.0,6117.0,1720.8834337087778,0,262144,True,None
Ghana_313799,Ghana,True,True,True,True,2,512,512,float32,EPSG:4326,-26.14348030090332,-0.2598145604133606,-8.639304161071777,-37.855064392089844,-6.627669334411621,-14.553845405578613,0,512,512,int16,17680,229531,14933,244464,0.06108465868185091,13,512,512,int16,10.0,5372.0,1579.4010925292969,0,262144,True,None
India_1072277,India,True,True,True,True,2,512,512,float32,EPSG:4326,-27.218896865844727,14.217148780822754,-8.862981796264648,-47.85340881347656,6.320088863372803,-16.080387115478516,0,512,512,int16,2,239596,22546,262142,0.08600682073074899,13,512,512,int16,3.0,6351.0,1418.8411897512583,9,262135,True,None
Nigeria_529525,Nigeria,True,True,True,True,2,512,512,float32,EPSG:4326,-45.57707595825195,0.028538497164845467,-15.794513702392578,-60.44136047363281,-7.430656433105469,-23.064998626708984,0,512,512,int16,0,38493,223651,262144,0.8531608581542969,13,512,512,int16,8.0,4812.0,1346.008227128249,2919,259225,True,None
USA_994009,USA,True,True,True,True,2,512,512,float32,EPSG:4326,-32.6587028503418,23.054107666015625,-11.457301139831543,-47.11249542236328,-0.726010799407959,-17.100528717041016,0,512,512,int16,126,260121,1897,262018,0.007239960613392973,13,512,512,int16,8.0,7468.0,1598.8561060978816,351,261793,True,None
Ghana_359826,Ghana,True,True,True,True,2,512,512,float32,EPSG:4326,-32.1573600769043,1.7683868408203125,-9.214927673339844,-49.14693832397461,-7.016384601593018,-16.427188873291016,0,512,512,int16,0,258648,3496,262144,0.013336181640625,13,512,512,int16,39.0,4483.0,1497.198848430927,0,262144,True,None
Sri-Lanka_55568,Sri-Lanka,True,True,True,True,2,512,512,float32,EPSG:4326,-24.681978225708008,5.802995204925537,-8.652586936950684,-47.683929443359375,2.113391876220703,-14.757686614990234,0,512,512,int16,49286,197590,15268,212858,0.0717285702205226,13,512,512,int16,12.0,5398.0,2023.1836594801682,11178,250966,True,None
Ghana_103272,Ghana,True,True,True,True,2,512,512,float32,EPSG:4326,-39.31133270263672,8.586925506591797,-9.208066940307617,-47.37702941894531,-1.3846466541290283,-15.214208602905273,0,512,512,int16,2875,257711,1558,259269,0.006009202797094909,13,512,512,int16,44.0,5658.0,1935.6029827411357,432,261712,True,None
Bolivia_129334,Bolivia,True,True,True,True,2,512,512,float32,EPSG:4326,-36.82529830932617,0.4744816720485687,-14.148341178894043,-54.34866714477539,-6.3170928955078125,-22.668455123901367,1498,512,512,int16,24330,81171,156643,237814,0.6586786311991725,13,512,512,int16,2.0,5375.0,659.3443676875188,4152,257992,True,None
Somalia_93023,Somalia,True,True,True,True,2,512,512,float32,EPSG:4326,-28.289472579956055,2.465320587158203,-13.408103942871094,-46.49220275878906,-8.624273300170898,-19.569339752197266,0,512,512,int16,74319,187825,0,187825,0.0,13,512,512,int16,29.0,8721.0,2417.564426422119,0,262144,True,None
Paraguay_62897,Paraguay,True,True,True,True,2,512,512,float32,EPSG:4326,-22.912227630615234,-0.20618696510791779,-8.902442932128906,-46.64323806762695,-7.063796043395996,-18.538280487060547,0,512,512,int16,0,221002,41142,262144,0.15694427490234375,13,512,512,int16,49.0,4012.0,1075.2697046720064,0,262144,True,None
Ghana_97059,Ghana,True,True,True,True,2,512,512,float32,EPSG:4326,-26.313440322875977,-0.7885403633117676,-8.111555099487305,-44.361087799072266,-6.3158769607543945,-14.094407081604004,0,512,512,int16,234750,27394,0,27394,0.0,13,512,512,int16,28.0,4897.0,2100.1453238267163,0,262144,True,None
Ghana_5079,Ghana,True,True,True,True,2,512,512,float32,EPSG:4326,-19.357038497924805,-0.011350544169545174,-8.219123840332031,-32.19017791748047,-6.597295761108398,-14.38720417022705,0,512,512,int16,262144,0,0,0,0.0,13,512,512,int16,32.0,4260.0,2027.9111307584321,0,262144,True,None
Ghana_142312,Ghana,True,True,True,True,2,512,512,float32,EPSG:4326,-24.167490005493164,-1.3450714349746704,-9.727821350097656,-41.9868278503418,-8.663284301757812,-16.405099868774414,0,512,512,int16,0,262144,0,262144,0.0,13,512,512,int16,16.0,4129.0,1560.5133041968713,0,262144,True,None
Ghana_868803,Ghana,True,True,True,True,2,512,512,float32,EPSG:4326,-42.78726577758789,1.5702232122421265,-12.963577270507812,-53.264976501464844,-7.458230972290039,-20.15088653564453,0,512,512,int16,0,118093,144051,262144,0.5495109558105469,13,512,512,int16,48.0,5125.0,1428.0804695716272,6357,255787,True,None
Mekong_52610,Mekong,True,True,True,True,2,512,512,float32,EPSG:4326,-46.31296920776367,6.422411918640137,-16.733396530151367,-56.2050895690918,-1.0437963008880615,-25.889944076538086,0,512,512,int16,0,51471,210673,262144,0.8036537170410156,13,512,512,int16,3.0,4934.0,1002.8292450538048,11619,250525,True,None
Pakistan_132143,Pakistan,True,True,True,True,2,512,512,float32,EPSG:4326,-25.466920852661133,10.03133487701416,-9.133713722229004,-47.732540130615234,-5.286617279052734,-15.422054290771484,0,512,512,int16,0,262144,0,262144,0.0,13,512,512,int16,6.0,4603.0,1656.0173157912034,0,262144,True,None
Somalia_989553,Somalia,True,True,True,True,2,512,512,float32,EPSG:4326,-42.91502380371094,4.688422203063965,-12.584961891174316,-48.63090515136719,-3.44748854637146,-19.54037094116211,0,512,512,int16,151841,107996,2307,110303,0.02091511563602078,13,512,512,int16,30.0,11274.0,2735.3604049682617,0,262144,True,None
Spain_5923267,Spain,True,True,True,True,2,512,512,float32,EPSG:4326,-53.18175506591797,11.767354011535645,-22.965011596679688,-55.9581413269043,-4.99265718460083,-31.990375518798828,0,512,512,int16,43401,17030,201713,218743,0.9221460801031347,13,512,512,int16,6.0,5534.0,740.5566608722394,196409,65735,True,None
Sri-Lanka_152185,Sri-Lanka,True,True,True,True,2,512,512,float32,EPSG:4326,-29.145709991455078,8.731497764587402,-9.231280326843262,-38.913291931152344,-1.1659795045852661,-15.44180679321289,0,512,512,int16,0,259946,2198,262144,0.00838470458984375,13,512,512,int16,10.0,4791.0,1602.5508182232197,0,262144,True,None
Ghana_24858,Ghana,True,True,True,True,2,512,512,float32,EPSG:4326,-21.869802474975586,2.3687150478363037,-9.102898597717285,-27.676944732666016,-5.7996625900268555,-15.185302734375,0,512,512,int16,0,261660,484,262144,0.0018463134765625,13,512,512,int16,19.0,5506.0,1666.8287415137659,0,262144,True,None
Ghana_953791,Ghana,True,True,True,True,2,512,512,float32,EPSG:4326,-29.255308151245117,1.6661620140075684,-10.145381927490234,-44.252525329589844,-8.281761169433594,-16.53156280517578,0,512,512,int16,0,259372,2772,262144,0.0105743408203125,13,512,512,int16,39.0,5534.0,1668.9434805649978,0,262144,True,None
Bolivia_103757,Bolivia,True,True,True,True,2,512,512,float32,EPSG:4326,-40.821441650390625,-0.6905989646911621,-13.010354042053223,-48.24835968017578,-6.994661331176758,-19.286884307861328,321042,512,512,int16,174067,52715,35362,88077,0.4014896056859339,13,512,512,int16,0.0,5662.0,332.20311267559345,0,262144,True,None
Ghana_1078550,Ghana,True,True,True,True,2,512,512,float32,EPSG:4326,-21.302204132080078,-0.6199936270713806,-9.804059982299805,-33.612953186035156,-6.918473720550537,-16.405696868896484,0,512,512,int16,0,260737,1407,262144,0.005367279052734375,13,512,512,int16,39.0,5083.0,1525.2507987389197,0,262144,True,None
USA_66026,USA,True,True,True,True,2,512,512,float32,EPSG:4326,-27.414226531982422,6.770513534545898,-10.585819244384766,-44.6594123840332,-5.055872440338135,-17.116291046142578,0,512,512,int16,3,261154,987,262141,0.0037651492898859774,13,512,512,int16,10.0,6551.0,1652.4731606703538,108,262036,True,None
Ghana_147015,Ghana,True,True,True,True,2,512,512,float32,EPSG:4326,-24.409690856933594,5.363552570343018,-9.22171688079834,-40.818878173828125,-7.601754665374756,-16.07476806640625,0,512,512,int16,0,258614,3530,262144,0.01346588134765625,13,512,512,int16,15.0,5298.0,1643.297350369967,0,262144,True,None
Spain_7786924,Spain,True,True,True,True,2,512,512,float32,EPSG:4326,-31.180259704589844,17.702171325683594,-9.785388946533203,-47.052982330322266,2.2994141578674316,-16.82036018371582,0,512,512,int16,33,258343,3768,262111,0.014375588968032628,13,512,512,int16,8.0,6036.0,1857.8726979769194,117,262027,True,None
India_285297,India,True,True,True,True,2,512,512,float32,EPSG:4326,-40.93282699584961,19.613025665283203,-9.770485877990723,-47.662391662597656,12.022953987121582,-16.860261917114258,0,512,512,int16,17102,209036,36006,245042,0.14693807592167873,13,512,512,int16,3.0,7650.0,1360.7985429030198,0,262144,True,None
